rank,property_id,address,city,state,zip,list_price,sqft,beds,baths,property_condition,days_on_market,n_comps,comp_psf,arv,rehab_cost,total_costs,max_bid,offer_price,expected_profit,expected_roi,capital_required,list_to_arv_discount,binding_constraint,feasible,deal_score
1,P0061,5664 Oak St,Phoenix,AZ,85005,476755,2324,4,3.5,fair,332,7,214.00493612307824,497347.0,69720.0,121120.0,180280.0,180280.0,195947.0,0.7838,250000.0,0.0414,budget,True,0.8198
2,P0047,3986 Elm St,Atlanta,GA,30322,380568,2304,4,3.5,fair,61,6,204.66564885496183,471550.0,69120.0,118769.0,180880.0,180880.0,171901.0,0.6876,250000.0,0.1929,budget,True,0.7106
3,P0011,6309 Elm St,Phoenix,AZ,85008,514478,2370,4,3.5,fair,43,6,208.140243902439,493292.0,71100.0,122089.0,178900.0,178900.0,192303.0,0.7692,250000.0,-0.0429,budget,True,0.6976
4,P0034,219 Maple St,Tampa,FL,33622,428236,2371,4,3.5,fair,126,5,198.8746974882575,471532.0,71130.0,120593.0,178870.0,178870.0,172069.0,0.6883,250000.0,0.0918,budget,True,0.6827
5,P0031,8011 Cedar St,Phoenix,AZ,85024,497728,2377,3,2.5,good,88,7,202.4961247866965,481333.0,35655.0,89068.0,214345.0,214345.0,177920.0,0.7117,250000.0,-0.0341,budget,True,0.6516
6,P0096,1860 Pine St,Phoenix,AZ,85011,293569,2007,3,2.5,distressed,17,9,209.14273115322655,419749.0,170595.0,207283.0,79405.0,79405.0,133061.0,0.5322,250000.0,0.3006,budget,True,0.5877
7,P0001,8599 Oak St,Phoenix,AZ,85011,341590,2073,2,1.5,poor,47,5,206.8438299987618,428787.0,114015.0,156541.0,135985.0,135985.0,136261.0,0.545,250000.0,0.2034,budget,True,0.5636
8,P0039,7124 Pine St,Tampa,FL,33612,301707,2067,3,2.5,distressed,152,5,196.2330133338935,405614.0,175695.0,210924.0,74305.0,74305.0,120385.0,0.4815,250000.0,0.2562,budget,True,0.5547
9,P0042,3492 Pine St,Atlanta,GA,30301,320181,2147,3,2.5,poor,3,5,194.7074439989701,418037.0,118085.0,159484.0,131915.0,131915.0,126638.0,0.5066,250000.0,0.2341,budget,True,0.5251
10,P0057,7203 Pine St,Atlanta,GA,30312,357253,1964,4,3.5,fair,151,5,212.47809899039646,417307.0,58920.0,105711.0,191080.0,191080.0,120516.0,0.4821,250000.0,0.1439,budget,True,0.5014
11,P0054,180 Cedar St,Tampa,FL,33614,480894,1993,4,3.5,excellent,27,5,217.5373012254692,433552.0,9965.0,62397.0,240035.0,240035.0,131120.0,0.5245,250000.0,-0.1092,budget,True,0.4392
12,P0091,6885 Cedar St,Phoenix,AZ,85012,370843,1868,3,2.5,fair,37,5,219.58922514716332,410193.0,56040.0,102598.0,193960.0,193960.0,113635.0,0.4545,250000.0,0.0959,budget,True,0.4155
13,P0086,997 Elm St,Phoenix,AZ,85004,345852,1927,3,2.5,fair,38,7,208.89210934052966,402535.0,57810.0,103669.0,192190.0,192190.0,106676.0,0.4267,250000.0,0.1408,budget,True,0.4084
14,P0066,9684 Elm St,Phoenix,AZ,85015,325090,2068,4,3.5,poor,89,5,186.57250073534343,385832.0,113740.0,153284.0,136260.0,136260.0,96288.0,0.3852,250000.0,0.1574,budget,True,0.3887
15,P0046,8035 Cedar St,Phoenix,AZ,85010,518841,2005,4,3.5,good,63,6,205.14414802065406,411314.0,30075.0,79100.0,219925.0,219925.0,112289.0,0.4492,250000.0,-0.2614,budget,True,0.372
16,P0081,8527 Maple St,Phoenix,AZ,85004,477890,2296,4,3.5,good,114,4,176.50718736768937,405261.0,34440.0,82640.0,215560.0,215560.0,107061.0,0.4282,250000.0,-0.1792,budget,True,0.3657
17,P0032,5594 Pine St,Atlanta,GA,30320,307034,1754,3,2.5,fair,8,5,220.11705776001523,386085.0,52620.0,97805.0,197380.0,197380.0,90900.0,0.3636,250000.0,0.2048,budget,True,0.3645
18,P0059,2916 Oak St,Tampa,FL,33625,203180,1613,2,1.5,distressed,27,6,216.7289527720739,349584.0,137105.0,171962.0,112895.0,112895.0,64727.0,0.2589,250000.0,0.4188,budget,True,0.364
19,P0019,8060 Pine St,Tampa,FL,33622,516406,2062,3,2.5,good,29,5,198.8746974882575,410080.0,30930.0,79790.0,219070.0,219070.0,111220.0,0.4449,250000.0,-0.2593,budget,True,0.3573
20,P0094,4070 Elm St,Tampa,FL,33605,312496,1854,4,3.5,poor,19,4,205.05802189945643,380178.0,101970.0,142201.0,148030.0,148030.0,89947.0,0.3598,250000.0,0.178,budget,True,0.3511
21,P0079,1736 Oak St,Tampa,FL,33614,351204,1667,3,2.5,fair,39,5,233.21032241416387,388762.0,50010.0,95622.0,199990.0,199990.0,93150.0,0.3726,250000.0,0.0966,budget,True,0.3315
22,P0044,7090 Cedar St,Tampa,FL,33621,437492,1814,3,2.5,good,1,5,223.56388747783583,405545.0,27210.0,76095.0,222790.0,222790.0,106660.0,0.4266,250000.0,-0.0788,budget,True,0.3299
23,P0097,3597 Maple St,Atlanta,GA,30320,402168,1965,3,2.5,fair,133,5,198.81913737599368,390680.0,58950.0,103874.0,191050.0,191050.0,95756.0,0.383,250000.0,-0.0294,budget,True,0.3246
24,P0035,1194 Cedar St,Indianapolis,IN,46214,77717,700,1,1.0,poor,1,5,104.41354225352113,73089.0,38500.0,43993.0,4096.0,4096.0,25000.0,0.5869,42596.0,-0.0633,profit,True,0.2973
25,P0092,2408 Elm St,Atlanta,GA,30314,150123,1306,2,1.5,distressed,76,5,194.48604999600104,253999.0,111010.0,136401.0,82726.0,82726.0,34872.0,0.18,193736.0,0.409,roi,True,0.2758
26,P0067,8149 Elm St,Atlanta,GA,30319,442186,2034,4,3.5,good,9,5,191.00668724055907,388508.0,30510.0,77899.0,219490.0,219490.0,91119.0,0.3645,250000.0,-0.1382,budget,True,0.2679
27,P0073,4750 Pine St,Cleveland,OH,44109,85285,812,1,1.0,fair,65,5,130.85237150329192,106252.0,24360.0,35964.0,45288.0,45288.0,25000.0,0.3589,69648.0,0.1973,profit,True,0.2676
28,P0099,1763 Pine St,Tampa,FL,33609,343888,1540,2,1.5,fair,69,5,241.2217900468619,371482.0,46200.0,90953.0,203800.0,203800.0,76729.0,0.3069,250000.0,0.0743,budget,True,0.2619
29,P0043,3670 Pine St,Cleveland,OH,44114,130231,1750,4,3.5,distressed,186,3,110.49948103044107,193374.0,148750.0,162598.0,3391.0,3391.0,27385.0,0.18,152141.0,0.3265,roi,True,0.2574
30,P0021,4726 Cedar St,Phoenix,AZ,85011,198092,1384,2,1.5,poor,88,5,209.91821877019834,290527.0,76120.0,109502.0,141799.0,141799.0,39225.0,0.18,217919.0,0.3182,roi,True,0.2431
31,P0009,3681 Maple St,Tampa,FL,33616,136957,998,1,1.0,distressed,50,5,217.5373012254692,217102.0,84830.0,107390.0,80036.0,80036.0,29676.0,0.18,164866.0,0.3692,roi,True,0.2404
32,P0023,1546 Pine St,Cleveland,OH,44109,185799,2427,4,3.5,distressed,9,5,113.59028021863757,275684.0,206295.0,226530.0,10187.0,10187.0,38967.0,0.18,216482.0,0.326,roi,True,0.2226
33,P0051,172 Pine St,Phoenix,AZ,85015,283221,1767,2,1.5,distressed,31,5,193.49480206540449,341905.0,150195.0,183310.0,99805.0,99805.0,58790.0,0.2352,250000.0,0.1716,budget,True,0.2226
34,P0077,2668 Maple St,Atlanta,GA,30312,205454,1775,2,1.5,poor,41,5,164.85988153541115,292626.0,97625.0,129460.0,123384.0,123384.0,39782.0,0.18,221009.0,0.2979,roi,True,0.2202
35,P0082,3788 Pine St,Atlanta,GA,30313,401526,1836,3,2.5,good,88,5,199.14068185274172,365622.0,27540.0,73600.0,222460.0,222460.0,69562.0,0.2782,250000.0,-0.0982,budget,True,0.2024
36,P0049,5440 Oak St,Tampa,FL,33619,422188,1948,3,2.5,poor,162,6,180.61408688317167,351836.0,107140.0,144912.0,142860.0,142860.0,64064.0,0.2563,250000.0,-0.2,budget,True,0.202
37,P0089,295 Elm St,Tampa,FL,33608,178093,1094,3,2.5,poor,2,5,233.21032241416387,255132.0,60170.0,90055.0,130717.0,130717.0,34360.0,0.18,190887.0,0.302,roi,True,0.2015
38,P0069,9917 Oak St,Tampa,FL,33604,364149,1626,3,2.5,fair,69,6,222.9291896144768,362483.0,48780.0,92666.0,201220.0,201220.0,68597.0,0.2744,250000.0,-0.0046,budget,True,0.1927
39,P0063,116 Pine St,Cleveland,OH,44104,180688,1965,3,2.5,fair,36,7,125.23247758696637,246082.0,58950.0,87697.0,125232.0,125232.0,33153.0,0.18,184182.0,0.2657,roi,True,0.1925
40,P0041,3116 Cedar St,Phoenix,AZ,85003,217779,1269,2,1.5,fair,43,5,224.20080830431812,284511.0,38070.0,73874.0,172699.0,172699.0,37938.0,0.18,210769.0,0.2345,roi,True,0.1875
41,P0060,5930 Elm St,Indianapolis,IN,46208,193732,1807,4,3.5,poor,59,5,138.85965295172133,250919.0,99385.0,125345.0,91258.0,91258.0,34316.0,0.18,190643.0,0.2279,roi,True,0.1833
42,P0028,817 Maple St,Cleveland,OH,44108,245081,2429,5,4.0,poor,53,5,125.27327174950125,304289.0,133595.0,163961.0,98543.0,98543.0,41785.0,0.18,232138.0,0.1946,roi,True,0.1777
43,P0071,4021 Oak St,Phoenix,AZ,85014,272868,1820,4,3.5,poor,74,4,180.4216663124024,328367.0,100100.0,136630.0,147220.0,147220.0,44518.0,0.18,247320.0,0.169,roi,True,0.1763
44,P0017,2698 Maple St,Atlanta,GA,30310,160498,1098,1,1.0,poor,12,5,194.7074439989701,213789.0,60390.0,84582.0,100286.0,100286.0,28922.0,0.18,160676.0,0.2493,roi,True,0.1705
45,P0075,6125 Elm St,Indianapolis,IN,46209,171739,2033,3,2.5,distressed,7,4,109.48958450704225,222592.0,172805.0,188611.0,2438.0,2438.0,31544.0,0.18,175243.0,0.2285,roi,True,0.1633
46,P0095,789 Oak St,Indianapolis,IN,46216,148503,1581,3,2.5,poor,96,6,112.02760563380282,177116.0,86955.0,103798.0,48318.0,48318.0,25000.0,0.1848,135273.0,0.1615,profit,True,0.1506
47,P0053,505 Maple St,Cleveland,OH,44108,141891,1459,2,1.5,fair,28,5,119.05926140555232,173707.0,43770.0,63746.0,84961.0,84961.0,25000.0,0.1942,128731.0,0.1832,profit,True,0.1462
48,P0070,8405 Maple St,Indianapolis,IN,46216,117963,1087,2,1.5,poor,3,5,119.96035502171112,130397.0,59785.0,71987.0,33410.0,33410.0,25000.0,0.2683,93195.0,0.0954,profit,True,0.1433
49,P0025,5754 Cedar St,Indianapolis,IN,46217,198986,1823,3,2.5,poor,11,3,132.0018394016543,240639.0,100265.0,124739.0,82926.0,82926.0,32974.0,0.18,183191.0,0.1731,roi,True,0.1404
50,P0056,8675 Oak St,Phoenix,AZ,85023,130010,700,2,1.5,good,28,5,202.87179514782548,142010.0,10500.0,28577.0,88433.0,88433.0,25000.0,0.2527,98933.0,0.0845,profit,True,0.1359
51,P0003,2026 Oak St,Cleveland,OH,44119,202895,1889,3,2.5,poor,31,9,125.91360009253596,237851.0,103895.0,127676.0,77520.0,77520.0,32655.0,0.18,181415.0,0.147,roi,True,0.1334
52,P0048,7964 Elm St,Cleveland,OH,44106,252913,2166,2,1.5,good,63,5,130.9213752276867,283576.0,32490.0,68642.0,177191.0,177191.0,37743.0,0.18,209681.0,0.1081,roi,True,0.1329
53,P0090,734 Maple St,Indianapolis,IN,46204,161830,1792,3,2.5,poor,11,4,109.48958450704225,196205.0,98560.0,117080.0,52020.0,52020.0,27104.0,0.18,150580.0,0.1752,roi,True,0.1318
54,P0029,6977 Oak St,Tampa,FL,33615,285538,1564,3,2.5,poor,8,4,207.09362607957928,323894.0,86020.0,123138.0,157011.0,157011.0,43746.0,0.18,243031.0,0.1184,roi,True,0.131
55,P0036,9801 Cedar St,Phoenix,AZ,85001,286124,1738,3,2.5,poor,7,7,182.41276631803143,317033.0,95590.0,130949.0,143117.0,143117.0,42967.0,0.18,238707.0,0.0975,roi,True,0.1194
56,P0020,1742 Pine St,Indianapolis,IN,46217,151057,1336,2,1.5,fair,31,5,93.91915178571429,125476.0,40080.0,53212.0,47264.0,47264.0,25000.0,0.2862,87344.0,-0.2039,profit,True,0.1175
57,P0007,2415 Pine St,Atlanta,GA,30301,181926,1236,2,1.5,poor,59,5,164.85988153541115,203767.0,67980.0,90148.0,85917.0,85917.0,27702.0,0.18,153897.0,0.1072,roi,True,0.1148
58,P0030,4811 Pine St,Indianapolis,IN,46221,158133,1335,2,1.5,fair,13,5,93.91915178571429,125382.0,40050.0,53170.0,47212.0,47212.0,25000.0,0.2865,87262.0,-0.2612,profit,True,0.1122
59,P0087,4550 Cedar St,Atlanta,GA,30325,437140,1798,3,2.5,good,61,5,191.00668724055907,343430.0,26970.0,71529.0,223030.0,223030.0,48871.0,0.1955,250000.0,-0.2729,budget,True,0.1085
60,P0005,2078 Maple St,Indianapolis,IN,46221,166887,1680,3,2.5,poor,17,6,113.06661676646706,189952.0,92400.0,110588.0,53163.0,53163.0,26201.0,0.18,145563.0,0.1214,roi,True,0.1065
61,P0084,635 Elm St,Tampa,FL,33625,217530,874,2,1.5,good,150,5,188.9191107964925,165115.0,13110.0,34394.0,105721.0,105721.0,25000.0,0.2104,118831.0,-0.3174,profit,True,0.1058
62,P0013,9383 Oak St,Cleveland,OH,44112,139353,1204,1,1.0,good,1,5,122.49639402810304,147486.0,18060.0,36312.0,86174.0,86174.0,25000.0,0.2398,104234.0,0.0551,profit,True,0.1056
63,P0072,9206 Cedar St,Atlanta,GA,30320,199175,1367,2,1.5,poor,31,5,161.07387736539258,220188.0,75185.0,98992.0,91239.0,91239.0,29956.0,0.18,166424.0,0.0954,roi,True,0.1044
64,P0024,5410 Oak St,Tampa,FL,33601,318952,1400,3,2.5,fair,131,5,203.98437502555623,285578.0,42000.0,77615.0,169833.0,169833.0,38130.0,0.18,211833.0,-0.1169,roi,True,0.1024
65,P0088,3315 Elm St,Cleveland,OH,44115,210407,1708,3,2.5,good,49,5,133.55319603693525,228109.0,25620.0,54745.0,143011.0,143011.0,30354.0,0.18,168631.0,0.0776,roi,True,0.102
66,P0068,6734 Elm St,Cleveland,OH,44109,144487,1074,3,2.5,good,2,5,123.94066943674977,133112.0,16110.0,32394.0,75718.0,75718.0,25000.0,0.2722,91828.0,-0.0855,profit,True,0.0999
67,P0016,4160 Maple St,Phoenix,AZ,85002,318407,1727,4,3.5,poor,101,3,175.78624400543612,303583.0,94985.0,128549.0,133844.0,133844.0,41189.0,0.18,228829.0,-0.0488,roi,True,0.0983
68,P0076,9757 Oak St,Phoenix,AZ,85004,182739,778,2,1.5,excellent,96,5,202.87179514782548,157834.0,3890.0,24871.0,107963.0,107963.0,25000.0,0.2235,111853.0,-0.1578,profit,True,0.0977
69,P0022,9594 Oak St,Atlanta,GA,30322,245299,1255,2,1.5,fair,23,5,209.75828803470768,263247.0,37650.0,70571.0,157541.0,157541.0,35134.0,0.18,195191.0,0.0682,roi,True,0.0974
70,P0093,2477 Pine St,Cleveland,OH,44118,201019,1717,3,2.5,fair,138,5,118.87283610341643,204105.0,51510.0,75130.0,101443.0,101443.0,27532.0,0.18,152953.0,0.0151,roi,True,0.0944
71,P0002,772 Cedar St,Atlanta,GA,30324,417006,1860,3,2.5,excellent,56,6,181.90071283095722,338335.0,9300.0,54948.0,238740.0,238740.0,44647.0,0.18,248040.0,-0.2325,roi,True,0.0904
72,P0008,1745 Maple St,Cleveland,OH,44121,187107,1478,2,1.5,good,86,5,113.59028021863757,167886.0,22170.0,43102.0,99784.0,99784.0,25000.0,0.205,121954.0,-0.1145,profit,True,0.0831
73,P0004,8990 Maple St,Tampa,FL,33612,283343,1271,2,1.5,fair,60,5,219.6189214787425,279136.0,38130.0,73191.0,168713.0,168713.0,37232.0,0.18,206843.0,-0.0151,roi,True,0.0795
74,P0037,666 Pine St,Atlanta,GA,30307,331196,1987,3,2.5,poor,19,5,164.85988153541115,327577.0,109285.0,144923.0,138121.0,138121.0,44533.0,0.18,247406.0,-0.011,roi,True,0.079
75,P0080,708 Pine St,Indianapolis,IN,46220,179560,1370,3,2.5,good,6,5,110.30286891287385,151115.0,20550.0,39131.0,86984.0,86984.0,25000.0,0.2325,107534.0,-0.1882,profit,True,0.0762
76,P0027,1483 Maple St,Atlanta,GA,30302,161234,859,2,1.5,fair,25,5,191.00668724055907,164075.0,25770.0,45833.0,93242.0,93242.0,25000.0,0.2101,119012.0,0.0173,profit,True,0.0761
77,P0014,2440 Oak St,Tampa,FL,33623,177806,896,1,1.0,poor,60,5,203.98437502555623,182770.0,49280.0,70136.0,87634.0,87634.0,25000.0,0.1826,136914.0,0.0272,profit,True,0.0741
78,P0026,7862 Maple St,Phoenix,AZ,85023,389699,1768,3,2.5,good,44,6,157.20019342359768,277930.0,26520.0,62406.0,178602.0,178602.0,36922.0,0.18,205122.0,-0.4021,roi,True,0.0741
79,P0062,9772 Maple St,Atlanta,GA,30307,325844,1559,3,2.5,good,75,3,150.23791210954417,234221.0,23385.0,53539.0,149553.0,149553.0,31129.0,0.18,172938.0,-0.3912,roi,True,0.0741
80,P0012,743 Oak St,Atlanta,GA,30303,200279,1233,2,1.5,fair,30,5,167.40937171304998,206416.0,36990.0,62167.0,116603.0,116603.0,27647.0,0.18,153593.0,0.0297,roi,True,0.069
81,P0058,8884 Cedar St,Cleveland,OH,44123,292883,2400,3,2.5,excellent,17,5,119.52107210032203,286851.0,12000.0,50350.0,198594.0,198594.0,37907.0,0.18,210594.0,-0.021,roi,True,0.0676
82,P0015,8314 Pine St,Indianapolis,IN,46208,275158,2027,3,2.5,good,60,5,107.98838988136889,218892.0,30405.0,57856.0,131833.0,131833.0,29203.0,0.18,162238.0,-0.257,roi,True,0.0664
83,P0100,3438 Oak St,Indianapolis,IN,46207,217700,1651,4,3.5,good,9,4,97.53138392857143,161024.0,24765.0,44461.0,91563.0,91563.0,25000.0,0.2149,116328.0,-0.352,profit,True,0.066
84,P0033,5574 Maple St,Cleveland,OH,44105,163053,1279,2,1.5,fair,14,5,127.79513270882124,163450.0,38370.0,57279.0,81171.0,81171.0,25000.0,0.2091,119541.0,0.0024,profit,True,0.0651
85,P0010,293 Elm St,Indianapolis,IN,46218,176251,1222,2,1.5,good,18,5,136.5274864424792,166837.0,18330.0,39430.0,102407.0,102407.0,25000.0,0.2071,120737.0,-0.0564,profit,True,0.0639
86,P0064,8652 Elm St,Tampa,FL,33622,183592,700,1,1.0,good,2,5,233.16383556465584,163215.0,10500.0,31722.0,106493.0,106493.0,25000.0,0.2137,116993.0,-0.1248,profit,True,0.0632
87,P0098,1078 Oak St,Cleveland,OH,44123,290961,2160,3,2.5,excellent,15,6,123.18911007025761,266088.0,10800.0,46403.0,184527.0,184527.0,35159.0,0.18,195327.0,-0.0935,roi,True,0.0625
88,P0078,8182 Cedar St,Cleveland,OH,44120,293305,2076,3,2.5,excellent,16,6,123.18911007025761,255741.0,10380.0,44598.0,177351.0,177351.0,33792.0,0.18,187731.0,-0.1469,roi,True,0.0606
89,P0038,794 Elm St,Cleveland,OH,44119,197278,1382,2,1.5,good,21,4,128.03855593431447,176949.0,20730.0,43128.0,108821.0,108821.0,25000.0,0.193,129551.0,-0.1149,profit,True,0.0559
90,P0006,9828 Maple St,Phoenix,AZ,85003,195784,892,1,1.0,fair,2,5,190.94224182667358,170320.0,26760.0,47667.0,97653.0,97653.0,25000.0,0.2009,124413.0,-0.1495,profit,True,0.0551
91,P0052,1624 Maple St,Atlanta,GA,30319,196641,1167,2,1.5,fair,22,5,153.2865038307388,178885.0,35010.0,56492.0,97393.0,97393.0,25000.0,0.1888,132403.0,-0.0993,profit,True,0.0536
92,P0074,9318 Cedar St,Tampa,FL,33603,248802,1247,2,1.5,poor,8,5,180.5090701571891,225095.0,68585.0,93629.0,100950.0,100950.0,30516.0,0.18,169535.0,-0.1053,roi,True,0.0528
93,P0065,1468 Maple St,Indianapolis,IN,46208,198849,1775,3,2.5,excellent,2,6,99.3375,176324.0,8875.0,32179.0,119145.0,119145.0,25000.0,0.1953,128020.0,-0.1277,profit,True,0.0516
94,P0050,6938 Pine St,Indianapolis,IN,46222,247763,1618,3,2.5,good,2,5,136.5274864424792,220901.0,24270.0,52520.0,138993.0,138993.0,29387.0,0.18,163263.0,-0.1216,roi,True,0.0492
95,P0083,397 Cedar St,Cleveland,OH,44122,250517,2039,4,3.5,fair,17,4,88.87354576535603,181213.0,61170.0,80794.0,75419.0,75419.0,25000.0,0.183,136589.0,-0.3824,profit,True,0.0484
96,P0018,9281 Elm St,Cleveland,OH,44108,211474,1647,3,2.5,good,4,3,127.10092626170537,209335.0,24705.0,51331.0,130133.0,130133.0,27871.0,0.18,154838.0,-0.0102,roi,True,0.0473
97,P0055,584 Elm St,Indianapolis,IN,46210,197066,1373,3,2.5,excellent,4,5,139.1404889959362,191040.0,6865.0,32502.0,133307.0,133307.0,25231.0,0.18,140172.0,-0.0315,roi,True,0.043
98,P0040,1380 Oak St,Indianapolis,IN,46204,84819,985,2,1.5,distressed,20,5,111.84121813515826,110164.0,83725.0,91436.0,0.0,0.0,18728.0,0.2237,83725.0,0.2301,profit,False,0.0
99,P0045,6047 Elm St,Indianapolis,IN,46206,82307,973,1,1.0,distressed,86,5,104.82914670658683,101999.0,82705.0,89845.0,0.0,0.0,12154.0,0.147,82705.0,0.1931,profit,False,0.0
100,P0085,9244 Pine St,Indianapolis,IN,46206,95027,1198,2,1.5,distressed,22,5,110.30286891287385,132143.0,101830.0,111080.0,0.0,0.0,21063.0,0.2068,101830.0,0.2809,profit,False,0.0
